<?xml version="1.0" encoding="UTF-8"?>
<beans:beans xmlns="http://www.springframework.org/schema/mvc"
	xmlns:xsi="http://www.w3.org/2001/XMLSchema-instance"
	xmlns:beans="http://www.springframework.org/schema/beans"
	xmlns:context="http://www.springframework.org/schema/context"
	xmlns:mongo="http://www.springframework.org/schema/data/mongo"
	xsi:schemaLocation="http://www.springframework.org/schema/mvc https://www.springframework.org/schema/mvc/spring-mvc.xsd
		http://www.springframework.org/schema/beans https://www.springframework.org/schema/beans/spring-beans.xsd
		http://www.springframework.org/schema/context https://www.springframework.org/schema/context/spring-context.xsd
		http://www.springframework.org/schema/data/mongo http://www.springframework.org/schema/data/mongo/spring-mongo-1.5.xsd">

	<!-- DispatcherServlet Context: defines this servlet's request-processing infrastructure -->
	
	<!-- Enables the Spring MVC @Controller programming model -->
	<annotation-driven />

	<!-- Handles HTTP GET requests for /resources/** by efficiently serving up static resources in the ${webappRoot}/resources directory -->
	<resources mapping="/resources/**" location="/resources/" />

	<!-- Resolves views selected for rendering by @Controllers to .jsp resources in the /WEB-INF/views directory -->
	<beans:bean class="org.springframework.web.servlet.view.InternalResourceViewResolver">
		<beans:property name="prefix" value="/WEB-INF/views/" />
		<beans:property name="suffix" value=".jsp" />
	</beans:bean>
	
	<context:component-scan base-package="spring.data.mongoTest" />
	<context:component-scan base-package="spring.data.mongodb" />
	
	<!-- mongodb 서버에 접속할 수 있도록 ip, port 정보를 명시 -->
	<mongo:mongo id="mongo" host="127.0.0.1" port="27017"/>
	<!-- mongodb를 spring에서 접속해서 제어할 수 있는 기능을 제공하는 클래스를 등록 -->
	<beans:bean id="mongoTemplate"
		class="org.springframework.data.mongodb.core.MongoTemplate">
		<beans:constructor-arg ref="mongo"/>
		<beans:constructor-arg name="databaseName" value="bigdata"/>
	</beans:bean>
	<mongo:repositories base-package="spring.data.mongodb.dto"/>
	
</beans:beans>
